date_new,well_ft
2007-10-01-01,1.858
2007-10-01-02,1.868
2007-10-01-03,1.878
2007-10-01-04,1.878
2007-10-01-05,1.888
2007-10-01-06,1.898
2007-10-01-07,1.938
2007-10-01-08,2.008
2007-10-01-09,2.058
2007-10-01-10,2.078
2007-10-01-11,2.088
2007-10-01-12,2.108
2007-10-01-13,2.138
2007-10-01-14,2.168
2007-10-01-15,2.188
2007-10-01-16,2.198
2007-10-01-17,2.208
2007-10-01-18,2.228
2007-10-01-19,2.238
2007-10-01-20,2.248
2007-10-01-21,2.278
2007-10-01-22,2.278
2007-10-01-23,2.288
2007-11-01-00,1.568
2007-11-01-01,1.568
2007-11-01-02,1.578
2007-11-01-03,1.578
2007-11-01-04,1.588
2007-11-01-05,1.588
2007-11-01-06,1.588
2007-11-01-07,1.588
2007-11-01-08,1.588
2007-11-01-09,1.598
2007-11-01-10,1.588
2007-11-01-11,1.598
2007-11-01-12,1.598
2007-11-01-13,1.598
2007-11-01-14,1.598
2007-11-01-15,1.598
2007-11-01-16,1.598
2007-11-01-17,1.598
2007-11-01-18,1.598
2007-11-01-19,1.598
2007-11-01-20,1.598
2007-11-01-21,1.588
2007-11-01-22,1.588
2007-11-01-23,1.588
2007-12-01-00,0.518
2007-12-01-01,0.518
2007-12-01-02,0.518
2007-12-01-03,0.518
2007-12-01-04,0.518
2007-12-01-05,0.518
2007-12-01-06,0.518
2007-12-01-07,0.508
2007-12-01-08,0.508
2007-12-01-09,0.508
2007-12-01-10,0.508
2007-12-01-11,0.498
2007-12-01-12,0.498
2007-12-01-13,0.498
2007-12-01-14,0.488
2007-12-01-15,0.488
2007-12-01-16,0.488
2007-12-01-17,0.488
2007-12-01-18,0.488
2007-12-01-19,0.488
2007-12-01-20,0.488
2007-12-01-21,0.488
2007-12-01-22,0.488
2007-12-01-23,0.488
2008-01-01-00,0.118
2008-01-01-01,0.118
2008-01-01-02,0.118
2008-01-01-03,0.118
2008-01-01-04,0.118
2008-01-01-05,0.118
2008-01-01-06,0.118
2008-01-01-07,0.118
2008-01-01-08,0.118
2008-01-01-09,0.118
2008-01-01-10,0.118
2008-01-01-11,0.118
2008-01-01-12,0.118
2008-01-01-13,0.118
2008-01-01-14,0.128
2008-01-01-15,0.128
2008-01-01-16,0.128
2008-01-01-17,0.168
2008-01-01-18,0.238
2008-01-01-19,0.258
2008-01-01-20,0.258
2008-01-01-21,0.268
2008-01-01-22,0.268
2008-01-01-23,0.258
2008-02-01-00,0.208
2008-02-01-01,0.208
2008-02-01-02,0.208
2008-02-01-03,0.208
2008-02-01-04,0.208
2008-02-01-05,0.208
2008-02-01-06,0.208
2008-02-01-07,0.208
2008-02-01-08,0.208
2008-02-01-09,0.198
2008-02-01-10,0.198
2008-02-01-11,0.198
2008-02-01-12,0.198
2008-02-01-13,0.198
2008-02-01-14,0.198
2008-02-01-15,0.198
2008-02-01-16,0.198
2008-02-01-17,0.198
2008-02-01-18,0.198
2008-02-01-19,0.198
2008-02-01-20,0.198
2008-02-01-21,0.198
2008-02-01-22,0.188
2008-02-01-23,0.188
2008-03-01-00,0.408
2008-03-01-01,0.408
2008-03-01-02,0.408
2008-03-01-03,0.408
2008-03-01-04,0.408
2008-03-01-05,0.408
2008-03-01-06,0.398
2008-03-01-07,0.398
2008-03-01-08,0.388
2008-03-01-09,0.388
2008-03-01-10,0.388
2008-03-01-11,0.388
2008-03-01-12,0.388
2008-03-01-13,0.388
2008-03-01-14,0.388
2008-03-01-15,0.378
2008-03-01-16,0.378
2008-03-01-17,0.378
2008-03-01-18,0.378
2008-03-01-19,0.378
2008-03-01-20,0.378
2008-03-01-21,0.378
2008-03-01-22,0.378
2008-03-01-23,0.378
2008-04-01-00,0.468
2008-04-01-01,0.468
2008-04-01-02,0.468
2008-04-01-03,0.468
2008-04-01-04,0.468
2008-04-01-05,0.468
2008-04-01-06,0.468
2008-04-01-07,0.468
2008-04-01-08,0.468
2008-04-01-09,0.468
2008-04-01-10,0.468
2008-04-01-11,0.468
2008-04-01-12,0.468
2008-04-01-13,0.468
2008-04-01-14,0.468
2008-04-01-15,0.458
2008-04-01-16,0.458
2008-04-01-17,0.458
2008-04-01-18,0.458
2008-04-01-19,0.458
2008-04-01-20,0.458
2008-04-01-21,0.458
2008-04-01-22,0.458
2008-04-01-23,0.458
2008-05-01-00,0.468
2008-05-01-01,0.468
2008-05-01-02,0.468
2008-05-01-03,0.468
2008-05-01-04,0.468
2008-05-01-05,0.468
2008-05-01-06,0.468
2008-05-01-07,0.468
2008-05-01-08,0.468
2008-05-01-09,0.468
2008-05-01-10,0.468
2008-05-01-11,0.458
2008-05-01-12,0.458
2008-05-01-13,0.448
2008-05-01-14,0.448
2008-05-01-15,0.448
2008-05-01-16,0.448
2008-05-01-17,0.448
2008-05-01-18,0.448
2008-05-01-19,0.448
2008-05-01-20,0.448
2008-05-01-21,0.448
2008-05-01-22,0.448
2008-05-01-23,0.448
2008-06-01-00,1.418
2008-06-01-01,1.418
2008-06-01-02,1.408
2008-06-01-03,1.398
2008-06-01-04,1.398
2008-06-01-05,1.388
2008-06-01-06,1.378
2008-06-01-07,1.368
2008-06-01-08,1.368
2008-06-01-09,1.368
2008-06-01-10,1.358
2008-06-01-11,1.348
2008-06-01-12,1.348
2008-06-01-13,1.338
2008-06-01-14,1.338
2008-06-01-15,1.328
2008-06-01-16,1.318
2008-06-01-17,1.308
2008-06-01-18,1.298
2008-06-01-19,1.288
2008-06-01-20,1.288
2008-06-01-21,1.278
2008-06-01-22,1.268
2008-06-01-23,1.268
2008-07-01-00,0.878
2008-07-01-01,0.918
2008-07-01-02,0.968
2008-07-01-03,0.968
2008-07-01-04,0.968
2008-07-01-05,0.958
2008-07-01-06,0.948
2008-07-01-07,0.938
2008-07-01-08,0.908
2008-07-01-09,0.888
2008-07-01-10,0.878
2008-07-01-11,0.878
2008-07-01-12,0.868
2008-07-01-13,0.868
2008-07-01-14,0.858
2008-07-01-15,0.858
2008-07-01-16,0.858
2008-07-01-17,0.848
2008-07-01-18,0.848
2008-07-01-19,0.838
2008-07-01-20,0.838
2008-07-01-21,0.828
2008-07-01-22,0.828
2008-07-01-23,0.828
2008-08-01-00,1.298
2008-08-01-01,1.298
2008-08-01-02,1.298
2008-08-01-03,1.298
2008-08-01-04,1.288
2008-08-01-05,1.288
2008-08-01-06,1.278
2008-08-01-07,1.278
2008-08-01-08,1.268
2008-08-01-09,1.268
2008-08-01-10,1.268
2008-08-01-11,1.268
2008-08-01-12,1.258
2008-08-01-13,1.258
2008-08-01-14,1.248
2008-08-01-15,1.248
2008-08-01-16,1.248
2008-08-01-17,1.248
2008-08-01-18,1.238
2008-08-01-19,1.238
2008-08-01-20,1.228
2008-08-01-21,1.228
2008-08-01-22,1.218
2008-08-01-23,1.218
2008-09-01-00,1.448
2008-09-01-01,1.438
2008-09-01-02,1.428
2008-09-01-03,1.428
2008-09-01-04,1.428
2008-09-01-05,1.418
2008-09-01-06,1.418
2008-09-01-07,1.408
2008-09-01-08,1.408
2008-09-01-09,1.398
2008-09-01-10,1.398
2008-09-01-11,1.388
2008-09-01-12,1.388
2008-09-01-13,1.388
2008-09-01-14,1.378
2008-09-01-15,1.378
2008-09-01-16,1.378
2008-09-01-17,1.368
2008-09-01-18,1.368
2008-09-01-19,1.368
2008-09-01-20,1.368
2008-09-01-21,1.358
2008-09-01-22,1.348
2008-09-01-23,1.348
2008-10-01-00,1.908
2008-10-01-01,1.918
2008-10-01-02,1.938
2008-10-01-03,1.958
2008-10-01-04,1.958
2008-10-01-05,1.958
2008-10-01-06,1.968
2008-10-01-07,1.978
2008-10-01-08,1.978
2008-10-01-09,1.978
2008-10-01-10,1.988
2008-10-01-11,1.988
2008-10-01-12,1.998
2008-10-01-13,1.998
2008-10-01-14,1.998
2008-10-01-15,1.998
2008-10-01-16,1.998
2008-10-01-17,1.998
2008-10-01-18,1.998
2008-10-01-19,1.998
2008-10-01-20,1.998
2008-10-01-21,1.998
2008-10-01-22,1.998
2008-10-01-23,1.998
2008-11-01-00,0.938
2008-11-01-01,0.938
2008-11-01-02,0.938
2008-11-01-03,0.938
2008-11-01-04,0.938
2008-11-01-05,0.938
2008-11-01-06,0.938
2008-11-01-07,0.938
2008-11-01-08,0.938
2008-11-01-09,0.938
2008-11-01-10,0.938
2008-11-01-11,0.938
2008-11-01-12,0.938
2008-11-01-13,0.918
2008-11-01-14,0.918
2008-11-01-15,0.918
2008-11-01-16,0.918
2008-11-01-17,0.918
2008-11-01-18,0.918
2008-11-01-19,0.918
2008-11-01-20,0.918
2008-11-01-21,0.918
2008-11-01-22,0.908
2008-11-01-23,0.908
2008-12-01-00,0.388
2008-12-01-01,0.388
2008-12-01-02,0.388
2008-12-01-03,0.388
2008-12-01-04,0.388
2008-12-01-05,0.388
2008-12-01-06,0.388
2008-12-01-07,0.388
2008-12-01-08,0.388
2008-12-01-09,0.378
2008-12-01-10,0.378
2008-12-01-11,0.378
2008-12-01-12,0.378
2008-12-01-13,0.378
2008-12-01-14,0.378
2008-12-01-15,0.378
2008-12-01-16,0.378
2008-12-01-17,0.378
2008-12-01-18,0.378
2008-12-01-19,0.378
2008-12-01-20,0.378
2008-12-01-21,0.368
2008-12-01-22,0.368
2008-12-01-23,0.368
2009-01-01-00,-0.052
2009-01-01-01,-0.052
2009-01-01-02,-0.052
2009-01-01-03,-0.052
2009-01-01-04,-0.052
2009-01-01-05,-0.052
2009-01-01-06,-0.052
2009-01-01-07,-0.052
2009-01-01-08,-0.052
2009-01-01-09,-0.052
2009-01-01-10,-0.062
2009-01-01-11,-0.062
2009-01-01-12,-0.062
2009-01-01-13,-0.062
2009-01-01-14,-0.062
2009-01-01-15,-0.062
2009-01-01-16,-0.062
2009-01-01-17,-0.062
2009-01-01-18,-0.062
2009-01-01-19,-0.062
2009-01-01-20,-0.072
2009-01-01-21,-0.072
2009-01-01-22,-0.072
2009-01-01-23,-0.072
2009-02-01-00,-0.202
2009-02-01-01,-0.202
2009-02-01-02,-0.202
2009-02-01-03,-0.202
2009-02-01-04,-0.202
2009-02-01-05,-0.202
2009-02-01-06,-0.202
2009-02-01-07,-0.202
2009-02-01-08,-0.202
2009-02-01-09,-0.202
2009-02-01-10,-0.202
2009-02-01-11,-0.202
2009-02-01-12,-0.202
2009-02-01-13,-0.202
2009-02-01-14,-0.202
2009-02-01-15,-0.202
2009-02-01-16,-0.202
2009-02-01-17,-0.202
2009-02-01-18,-0.202
2009-02-01-19,-0.202
2009-02-01-20,-0.202
2009-02-01-21,-0.212
2009-02-01-22,-0.212
2009-02-01-23,-0.212
2009-03-01-00,-0.192
2009-03-01-01,-0.192
2009-03-01-02,-0.192
2009-03-01-03,-0.192
2009-03-01-04,-0.192
2009-03-01-05,-0.192
2009-03-01-06,-0.192
2009-03-01-07,-0.192
2009-03-01-08,-0.202
2009-03-01-09,-0.202
2009-03-01-10,-0.202
2009-03-01-11,-0.202
2009-03-01-12,-0.192
2009-03-01-13,-0.192
2009-03-01-14,-0.192
2009-03-01-15,-0.192
2009-03-01-16,-0.192
2009-03-01-17,-0.192
2009-03-01-18,-0.202
2009-03-01-19,-0.202
2009-03-01-20,-0.202
2009-03-01-21,-0.202
2009-03-01-22,-0.202
2009-03-01-23,-0.202
2009-04-01-00,0.268
2009-04-01-01,0.258
2009-04-01-02,0.258
2009-04-01-03,0.258
2009-04-01-04,0.258
2009-04-01-05,0.258
2009-04-01-06,0.258
2009-04-01-07,0.258
2009-04-01-08,0.258
2009-04-01-09,0.258
2009-04-01-10,0.248
2009-04-01-11,0.248
2009-04-01-12,0.248
2009-04-01-13,0.248
2009-04-01-14,0.238
2009-04-01-15,0.238
2009-04-01-16,0.238
2009-04-01-17,0.238
2009-04-01-18,0.238
2009-04-01-19,0.238
2009-04-01-20,0.238
2009-04-01-21,0.238
2009-04-01-22,0.238
2009-04-01-23,0.238
2009-05-01-00,0.338
2009-05-01-01,0.338
2009-05-01-02,0.338
2009-05-01-03,0.338
2009-05-01-04,0.338
2009-05-01-05,0.338
2009-05-01-06,0.338
2009-05-01-07,0.328
2009-05-01-08,0.328
2009-05-01-09,0.328
2009-05-01-10,0.318
2009-05-01-11,0.318
2009-05-01-12,0.318
2009-05-01-13,0.318
2009-05-01-14,0.318
2009-05-01-15,0.318
2009-05-01-16,0.308
2009-05-01-17,0.308
2009-05-01-18,0.308
2009-05-01-19,0.308
2009-05-01-20,0.308
2009-05-01-21,0.308
2009-05-01-22,0.308
2009-05-01-23,0.308
2009-06-01-00,1.968
2009-06-01-01,1.968
2009-06-01-02,1.958
2009-06-01-03,1.948
2009-06-01-04,1.948
2009-06-01-05,1.938
2009-06-01-06,1.938
2009-06-01-07,1.918
2009-06-01-08,1.918
2009-06-01-09,1.898
2009-06-01-10,1.888
2009-06-01-11,1.878
2009-06-01-12,1.868
2009-06-01-13,1.858
2009-06-01-14,1.908
2009-06-01-15,1.928
2009-06-01-16,1.948
2009-06-01-17,1.948
2009-06-01-18,1.948
2009-06-01-19,1.948
2009-06-01-20,1.938
2009-06-01-21,1.928
2009-06-01-22,1.918
2009-06-01-23,1.898
2009-07-01-00,2.518
2009-07-01-01,2.588
2009-07-01-02,2.628
2009-07-01-03,2.688
2009-07-01-04,2.708
2009-07-01-05,2.718
2009-07-01-06,2.728
2009-07-01-07,2.728
2009-07-01-08,2.778
2009-07-01-09,2.798
2009-07-01-10,2.808
2009-07-01-11,2.808
2009-07-01-12,2.818
2009-07-01-13,2.818
2009-07-01-14,2.818
2009-07-01-15,2.828
2009-07-01-16,2.828
2009-07-01-17,2.828
2009-07-01-18,2.828
2009-07-01-19,2.818
2009-07-01-20,2.818
2009-07-01-21,2.808
2009-07-01-22,2.808
2009-07-01-23,2.798
2009-08-01-00,0.718
2009-08-01-01,0.718
2009-08-01-02,0.718
2009-08-01-03,0.718
2009-08-01-04,0.708
2009-08-01-05,0.708
2009-08-01-06,0.708
2009-08-01-07,0.708
2009-08-01-08,0.698
2009-08-01-09,0.698
2009-08-01-10,0.698
2009-08-01-11,0.698
2009-08-01-12,0.698
2009-08-01-13,0.698
2009-08-01-14,0.698
2009-08-01-15,0.698
2009-08-01-16,0.698
2009-08-01-17,0.698
2009-08-01-18,0.698
2009-08-01-19,0.698
2009-08-01-20,0.698
2009-08-01-21,0.698
2009-08-01-22,0.698
2009-08-01-23,0.698
2009-09-01-00,0.858
2009-09-01-01,0.848
2009-09-01-02,0.848
2009-09-01-03,0.838
2009-09-01-04,0.838
2009-09-01-05,0.828
2009-09-01-06,0.828
2009-09-01-07,0.818
2009-09-01-08,0.818
2009-09-01-09,0.808
2009-09-01-10,0.808
2009-09-01-11,0.798
2009-09-01-12,0.798
2009-09-01-13,0.798
2009-09-01-14,0.788
2009-09-01-15,0.788
2009-09-01-16,0.788
2009-09-01-17,0.778
2009-09-01-18,0.778
2009-09-01-19,0.818
2009-09-01-20,0.868
2009-09-01-21,0.908
2009-09-01-22,0.918
2009-09-01-23,0.918
2009-10-01-00,0.768
2009-10-01-01,0.768
2009-10-01-02,0.768
2009-10-01-03,0.768
2009-10-01-04,0.768
2009-10-01-05,0.768
2009-10-01-06,0.758
2009-10-01-07,0.758
2009-10-01-08,0.758
2009-10-01-09,0.758
2009-10-01-10,0.748
2009-10-01-11,0.748
2009-10-01-12,0.748
2009-10-01-13,0.748
2009-10-01-14,0.748
2009-10-01-15,0.748
2009-10-01-16,0.748
2009-10-01-17,0.748
2009-10-01-18,0.748
2009-10-01-19,0.748
2009-10-01-20,0.748
2009-10-01-21,0.738
2009-10-01-22,0.738
2009-10-01-23,0.738
2009-11-01-00,0.538
2009-11-01-01,0.538
2009-11-01-02,0.538
2009-11-01-03,0.538
2009-11-01-04,0.538
2009-11-01-05,0.538
2009-11-01-06,0.538
2009-11-01-07,0.528
2009-11-01-08,0.528
2009-11-01-09,0.528
2009-11-01-10,0.528
2009-11-01-11,0.528
2009-11-01-12,0.528
2009-11-01-13,0.528
2009-11-01-14,0.528
2009-11-01-15,0.518
2009-11-01-16,0.518
2009-11-01-17,0.518
2009-11-01-18,0.518
2009-11-01-19,0.518
2009-11-01-20,0.518
2009-11-01-21,0.508
2009-11-01-22,0.508
2009-11-01-23,0.508
2009-12-01-00,0.5196
2009-12-01-01,0.5312
2009-12-01-02,0.5428
2009-12-01-03,0.5544
2009-12-01-04,0.566
2009-12-01-05,0.5776
2009-12-01-06,0.5892
2009-12-01-07,0.6008
2009-12-01-08,0.6124
2009-12-01-09,0.624
2009-12-01-10,0.6356
2009-12-01-11,0.6472
2009-12-01-12,0.6588
2009-12-01-13,0.6704
2009-12-01-14,0.682
2009-12-01-15,0.6936
2009-12-01-16,0.7052
2009-12-01-17,0.7168
2009-12-01-18,0.7284
2009-12-01-19,0.74
2009-12-01-20,0.7516
2009-12-01-21,0.7632
2009-12-01-22,0.7748
2009-12-01-23,0.7864
2010-01-01-00,0.798
2010-01-01-01,0.798
2010-01-01-02,0.798
2010-01-01-03,0.798
2010-01-01-04,0.798
2010-01-01-05,0.778
2010-01-01-06,0.778
2010-01-01-07,0.778
2010-01-01-08,0.778
2010-01-01-09,0.778
2010-01-01-10,0.748
2010-01-01-11,0.748
2010-01-01-12,0.748
2010-01-01-13,0.738
2010-01-01-14,0.738
2010-01-01-15,0.738
2010-01-01-16,0.738
2010-01-01-17,0.738
2010-01-01-18,0.738
2010-01-01-19,0.738
2010-01-01-20,0.738
2010-01-01-21,0.728
2010-01-01-22,0.728
2010-01-01-23,0.728
2010-02-01-00,0.168
2010-02-01-01,0.168
2010-02-01-02,0.168
2010-02-01-03,0.168
2010-02-01-04,0.168
2010-02-01-05,0.168
2010-02-01-06,0.168
2010-02-01-07,0.168
2010-02-01-08,0.168
2010-02-01-09,0.168
2010-02-01-10,0.168
2010-02-01-11,0.178
2010-02-01-12,0.198
2010-02-01-13,0.208
2010-02-01-14,0.368
2010-02-01-15,0.568
2010-02-01-16,0.628
2010-02-01-17,0.738
2010-02-01-18,0.788
2010-02-01-19,0.818
2010-02-01-20,0.848
2010-02-01-21,0.878
2010-02-01-22,0.888
2010-02-01-23,0.898
2010-03-01-00,0.408
2010-03-01-01,0.408
2010-03-01-02,0.408
2010-03-01-03,0.408
2010-03-01-04,0.408
2010-03-01-05,0.408
2010-03-01-06,0.408
2010-03-01-07,0.408
2010-03-01-08,0.398
2010-03-01-09,0.398
2010-03-01-10,0.398
2010-03-01-11,0.398
2010-03-01-12,0.398
2010-03-01-13,0.398
2010-03-01-14,0.398
2010-03-01-15,0.398
2010-03-01-16,0.398
2010-03-01-17,0.398
2010-03-01-18,0.398
2010-03-01-19,0.378
2010-03-01-20,0.368
2010-03-01-21,0.368
2010-03-01-22,0.368
2010-03-01-23,0.368
2010-04-01-00,0.588
2010-04-01-01,0.588
2010-04-01-02,0.588
2010-04-01-03,0.588
2010-04-01-04,0.578
2010-04-01-05,0.578
2010-04-01-06,0.578
2010-04-01-07,0.578
2010-04-01-08,0.578
2010-04-01-09,0.578
2010-04-01-10,0.578
2010-04-01-11,0.558
2010-04-01-12,0.558
2010-04-01-13,0.558
2010-04-01-14,0.558
2010-04-01-15,0.558
2010-04-01-16,0.558
2010-04-01-17,0.548
2010-04-01-18,0.548
2010-04-01-19,0.548
2010-04-01-20,0.548
2010-04-01-21,0.548
2010-04-01-22,0.548
2010-04-01-23,0.548
2010-05-01-00,1.098
2010-05-01-01,1.098
2010-05-01-02,1.088
2010-05-01-03,1.088
2010-05-01-04,1.088
2010-05-01-05,1.088
2010-05-01-06,1.078
2010-05-01-07,1.078
2010-05-01-08,1.068
2010-05-01-09,1.068
2010-05-01-10,1.068
2010-05-01-11,1.058
2010-05-01-12,1.058
2010-05-01-13,1.048
2010-05-01-14,1.048
2010-05-01-15,1.048
2010-05-01-16,1.038
2010-05-01-17,1.038
2010-05-01-18,1.038
2010-05-01-19,1.028
2010-05-01-20,1.028
2010-05-01-21,1.028
2010-05-01-22,1.018
2010-05-01-23,1.018
2010-06-01-00,0.568
2010-06-01-01,0.568
2010-06-01-02,0.568
2010-06-01-03,0.568
2010-06-01-04,0.568
2010-06-01-05,0.558
2010-06-01-06,0.558
2010-06-01-07,0.558
2010-06-01-08,0.558
2010-06-01-09,0.558
2010-06-01-10,0.638
2010-06-01-11,0.668
2010-06-01-12,0.678
2010-06-01-13,0.708
2010-06-01-14,0.748
2010-06-01-15,0.768
2010-06-01-16,0.768
2010-06-01-17,0.778
2010-06-01-18,0.778
2010-06-01-19,0.778
2010-06-01-20,0.778
2010-06-01-21,0.778
2010-06-01-22,0.778
2010-06-01-23,0.778
2010-07-01-00,0.368
2010-07-01-01,0.358
2010-07-01-02,0.358
2010-07-01-03,0.358
2010-07-01-04,0.358
2010-07-01-05,0.358
2010-07-01-06,0.358
2010-07-01-07,0.358
2010-07-01-08,0.358
2010-07-01-09,0.358
2010-07-01-10,0.358
2010-07-01-11,0.358
2010-07-01-12,0.358
2010-07-01-13,0.358
2010-07-01-14,0.358
2010-07-01-15,0.358
2010-07-01-16,0.358
2010-07-01-17,0.348
2010-07-01-18,0.348
2010-07-01-19,0.348
2010-07-01-20,0.348
2010-07-01-21,0.348
2010-07-01-22,0.338
2010-07-01-23,0.338
2010-08-01-00,0.738
2010-08-01-01,0.738
2010-08-01-02,0.738
2010-08-01-03,0.738
2010-08-01-04,0.738
2010-08-01-05,0.728
2010-08-01-06,0.728
2010-08-01-07,0.728
2010-08-01-08,0.728
2010-08-01-09,0.728
2010-08-01-10,0.718
2010-08-01-11,0.718
2010-08-01-12,0.718
2010-08-01-13,0.718
2010-08-01-14,0.708
2010-08-01-15,0.708
2010-08-01-16,0.708
2010-08-01-17,0.708
2010-08-01-18,0.708
2010-08-01-19,0.698
2010-08-01-20,0.698
2010-08-01-21,0.698
2010-08-01-22,0.698
2010-08-01-23,0.698
2010-09-01-00,0.718
2010-09-01-01,0.718
2010-09-01-02,0.708
2010-09-01-03,0.708
2010-09-01-04,0.708
2010-09-01-05,0.708
2010-09-01-06,0.708
2010-09-01-07,0.708
2010-09-01-08,0.708
2010-09-01-09,0.748
2010-09-01-10,0.748
2010-09-01-11,0.748
2010-09-01-12,0.748
2010-09-01-13,0.748
2010-09-01-14,0.738
2010-09-01-15,0.738
2010-09-01-16,0.738
2010-09-01-17,0.728
2010-09-01-18,0.728
2010-09-01-19,0.728
2010-09-01-20,0.728
2010-09-01-21,0.728
2010-09-01-22,0.728
2010-09-01-23,0.728
2010-10-01-00,3.318
2010-10-01-01,3.308
2010-10-01-02,3.298
2010-10-01-03,3.288
2010-10-01-04,3.278
2010-10-01-05,3.268
2010-10-01-06,3.258
2010-10-01-07,3.238
2010-10-01-08,3.218
2010-10-01-09,3.208
2010-10-01-10,3.178
2010-10-01-11,3.168
2010-10-01-12,3.168
2010-10-01-13,3.158
2010-10-01-14,3.148
2010-10-01-15,3.138
2010-10-01-16,3.128
2010-10-01-17,3.118
2010-10-01-18,3.108
2010-10-01-19,3.098
2010-10-01-20,3.088
2010-10-01-21,3.078
2010-10-01-22,3.068
2010-10-01-23,3.058
2010-11-01-00,0.728
2010-11-01-01,0.728
2010-11-01-02,0.718
2010-11-01-03,0.718
2010-11-01-04,0.718
2010-11-01-05,0.718
2010-11-01-06,0.718
2010-11-01-07,0.718
2010-11-01-08,0.708
2010-11-01-09,0.708
2010-11-01-10,0.708
2010-11-01-11,0.708
2010-11-01-12,0.738
2010-11-01-13,0.808
2010-11-01-14,0.868
2010-11-01-15,0.888
2010-11-01-16,0.898
2010-11-01-17,0.908
2010-11-01-18,0.908
2010-11-01-19,0.908
2010-11-01-20,0.918
2010-11-01-21,0.918
2010-11-01-22,0.918
2010-11-01-23,0.918
2010-12-01-00,0.278
2010-12-01-01,0.278
2010-12-01-02,0.278
2010-12-01-03,0.278
2010-12-01-04,0.278
2010-12-01-05,0.278
2010-12-01-06,0.278
2010-12-01-07,0.278
2010-12-01-08,0.278
2010-12-01-09,0.278
2010-12-01-10,0.278
2010-12-01-11,0.278
2010-12-01-12,0.278
2010-12-01-13,0.278
2010-12-01-14,0.278
2010-12-01-15,0.278
2010-12-01-16,0.278
2010-12-01-17,0.278
2010-12-01-18,0.268
2010-12-01-19,0.268
2010-12-01-20,0.268
2010-12-01-21,0.268
2010-12-01-22,0.268
2010-12-01-23,0.268
2011-01-01-00,0.138
2011-01-01-01,0.138
2011-01-01-02,0.138
2011-01-01-03,0.138
2011-01-01-04,0.138
2011-01-01-05,0.138
2011-01-01-06,0.128
2011-01-01-07,0.128
2011-01-01-08,0.128
2011-01-01-09,0.128
2011-01-01-10,0.128
2011-01-01-11,0.128
2011-01-01-12,0.128
2011-01-01-13,0.128
2011-01-01-14,0.128
2011-01-01-15,0.128
2011-01-01-16,0.128
2011-01-01-17,0.128
2011-01-01-18,0.128
2011-01-01-19,0.128
2011-01-01-20,0.128
2011-01-01-21,0.128
2011-01-01-22,0.128
2011-01-01-23,0.128
2011-02-01-00,0.328
2011-02-01-01,0.328
2011-02-01-02,0.328
2011-02-01-03,0.328
2011-02-01-04,0.328
2011-02-01-05,0.328
2011-02-01-06,0.318
2011-02-01-07,0.318
2011-02-01-08,0.308
2011-02-01-09,0.308
2011-02-01-10,0.308
2011-02-01-11,0.308
2011-02-01-12,0.308
2011-02-01-13,0.308
2011-02-01-14,0.298
2011-02-01-15,0.298
2011-02-01-16,0.298
2011-02-01-17,0.298
2011-02-01-18,0.298
2011-02-01-19,0.298
2011-02-01-20,0.298
2011-02-01-21,0.298
2011-02-01-22,0.298
2011-02-01-23,0.298
2011-03-01-00,-0.002
2011-03-01-01,-0.002
2011-03-01-02,-0.002
2011-03-01-03,-0.002
2011-03-01-04,-0.002
2011-03-01-05,-0.002
2011-03-01-06,-0.002
2011-03-01-07,-0.002
2011-03-01-08,-0.002
2011-03-01-09,-0.002
2011-03-01-10,-0.002
2011-03-01-11,-0.002
2011-03-01-12,-0.002
2011-03-01-13,-0.002
2011-03-01-14,-0.002
2011-03-01-15,-0.002
2011-03-01-16,-0.002
2011-03-01-17,-0.002
2011-03-01-18,-0.002
2011-03-01-19,-0.002
2011-03-01-20,-0.002
2011-03-01-21,-0.002
2011-03-01-22,-0.002
2011-03-01-23,0.038
2011-04-01-00,0.058
2011-04-01-01,0.058
2011-04-01-02,0.058
2011-04-01-03,0.058
2011-04-01-04,0.058
2011-04-01-05,0.058
2011-04-01-06,0.058
2011-04-01-07,0.058
2011-04-01-08,0.058
2011-04-01-09,0.048
2011-04-01-10,0.048
2011-04-01-11,0.048
2011-04-01-12,0.048
2011-04-01-13,0.048
2011-04-01-14,0.048
2011-04-01-15,0.048
2011-04-01-16,0.048
2011-04-01-17,0.048
2011-04-01-18,0.048
2011-04-01-19,0.048
2011-04-01-20,0.048
2011-04-01-21,0.048
2011-04-01-22,0.048
2011-04-01-23,0.048
2011-05-01-00,0.058
2011-05-01-01,0.058
2011-05-01-02,0.058
2011-05-01-03,0.058
2011-05-01-04,0.058
2011-05-01-05,0.058
2011-05-01-06,0.058
2011-05-01-07,0.058
2011-05-01-08,0.058
2011-05-01-09,0.048
2011-05-01-10,0.048
2011-05-01-11,0.048
2011-05-01-12,0.048
2011-05-01-13,0.048
2011-05-01-14,0.048
2011-05-01-15,0.038
2011-05-01-16,0.038
2011-05-01-17,0.038
2011-05-01-18,0.038
2011-05-01-19,0.038
2011-05-01-20,0.038
2011-05-01-21,0.038
2011-05-01-22,0.038
2011-05-01-23,0.038
2011-06-01-00,-0.152
2011-06-01-01,-0.152
2011-06-01-02,-0.152
2011-06-01-03,-0.152
2011-06-01-04,-0.152
2011-06-01-05,-0.152
2011-06-01-06,-0.152
2011-06-01-07,-0.162
2011-06-01-08,-0.162
2011-06-01-09,-0.162
2011-06-01-10,-0.162
2011-06-01-11,-0.162
2011-06-01-12,-0.162
2011-06-01-13,-0.162
2011-06-01-14,-0.162
2011-06-01-15,-0.162
2011-06-01-16,-0.162
2011-06-01-17,-0.162
2011-06-01-18,-0.162
2011-06-01-19,-0.162
2011-06-01-20,-0.172
2011-06-01-21,-0.172
2011-06-01-22,-0.172
2011-06-01-23,-0.172
2011-07-01-00,0.158
2011-07-01-01,0.158
2011-07-01-02,0.158
2011-07-01-03,0.158
2011-07-01-04,0.158
2011-07-01-05,0.158
2011-07-01-06,0.158
2011-07-01-07,0.158
2011-07-01-08,0.168
2011-07-01-09,0.168
2011-07-01-10,0.168
2011-07-01-11,0.168
2011-07-01-12,0.168
2011-07-01-13,0.168
2011-07-01-14,0.168
2011-07-01-15,0.168
2011-07-01-16,0.168
2011-07-01-17,0.178
2011-07-01-18,0.178
2011-07-01-19,0.178
2011-07-01-20,0.178
2011-07-01-21,0.178
2011-07-01-22,0.178
2011-07-01-23,0.178
2011-08-01-00,0.668
2011-08-01-01,0.668
2011-08-01-02,0.668
2011-08-01-03,0.668
2011-08-01-04,0.668
2011-08-01-05,0.668
2011-08-01-06,0.658
2011-08-01-07,0.658
2011-08-01-08,0.658
2011-08-01-09,0.658
2011-08-01-10,0.658
2011-08-01-11,0.668
2011-08-01-12,0.678
2011-08-01-13,0.678
2011-08-01-14,0.678
2011-08-01-15,0.678
2011-08-01-16,0.678
2011-08-01-17,0.668
2011-08-01-18,0.668
2011-08-01-19,0.888
2011-08-01-20,0.948
2011-08-01-21,0.958
2011-08-01-22,0.968
2011-08-01-23,0.968
2011-09-01-00,1.408
2011-09-01-01,1.408
2011-09-01-02,1.408
2011-09-01-03,1.408
2011-09-01-04,1.418
2011-09-01-05,1.418
2011-09-01-06,1.418
2011-09-01-07,1.418
2011-09-01-08,1.418
2011-09-01-09,1.418
2011-09-01-10,1.418
2011-09-01-11,1.418
2011-09-01-12,1.418
2011-09-01-13,1.418
2011-09-01-14,1.418
2011-09-01-15,1.418
2011-09-01-16,1.418
2011-09-01-17,1.418
2011-09-01-18,1.418
2011-09-01-19,1.418
2011-09-01-20,1.408
2011-09-01-21,1.408
2011-09-01-22,1.408
2011-09-01-23,1.408
2011-10-01-00,1.108
2011-10-01-01,1.108
2011-10-01-02,1.108
2011-10-01-03,1.108
2011-10-01-04,1.108
2011-10-01-05,1.108
2011-10-01-06,1.108
2011-10-01-07,1.108
2011-10-01-08,1.108
2011-10-01-09,1.108
2011-10-01-10,1.108
2011-10-01-11,1.088
2011-10-01-12,1.088
2011-10-01-13,1.088
2011-10-01-14,1.088
2011-10-01-15,1.088
2011-10-01-16,1.088
2011-10-01-17,1.088
2011-10-01-18,1.068
2011-10-01-19,1.058
2011-10-01-20,1.058
2011-10-01-21,1.058
2011-10-01-22,1.058
2011-10-01-23,1.048
2011-11-01-00,3.958
2011-11-01-01,3.948
2011-11-01-02,3.938
2011-11-01-03,3.928
2011-11-01-04,3.918
2011-11-01-05,3.908
2011-11-01-06,3.888
2011-11-01-07,3.878
2011-11-01-08,3.868
2011-11-01-09,3.838
2011-11-01-10,3.828
2011-11-01-11,3.808
2011-11-01-12,3.798
2011-11-01-13,3.788
2011-11-01-14,3.778
2011-11-01-15,3.758
2011-11-01-16,3.738
2011-11-01-17,3.728
2011-11-01-18,3.718
2011-11-01-19,3.698
2011-11-01-20,3.688
2011-11-01-21,3.668
2011-11-01-22,3.668
2011-11-01-23,3.668
2011-12-01-00,0.678
2011-12-01-01,0.678
2011-12-01-02,0.678
2011-12-01-03,0.678
2011-12-01-04,0.668
2011-12-01-05,0.668
2011-12-01-06,0.668
2011-12-01-07,0.668
2011-12-01-08,0.668
2011-12-01-09,0.668
2011-12-01-10,0.668
2011-12-01-11,0.668
2011-12-01-12,0.658
2011-12-01-13,0.658
2011-12-01-14,0.658
2011-12-01-15,0.658
2011-12-01-16,0.658
2011-12-01-17,0.658
2011-12-01-18,0.658
2011-12-01-19,0.658
2011-12-01-20,0.648
2011-12-01-21,0.648
2011-12-01-22,0.648
2011-12-01-23,0.648
2012-01-01-00,0.208
2012-01-01-01,0.208
2012-01-01-02,0.208
2012-01-01-03,0.208
2012-01-01-04,0.208
2012-01-01-05,0.208
2012-01-01-06,0.198
2012-01-01-07,0.198
2012-01-01-08,0.198
2012-01-01-09,0.198
2012-01-01-10,0.198
2012-01-01-11,0.198
2012-01-01-12,0.198
2012-01-01-13,0.188
2012-01-01-14,0.188
2012-01-01-15,0.188
2012-01-01-16,0.188
2012-01-01-17,0.188
2012-01-01-18,0.188
2012-01-01-19,0.188
2012-01-01-20,0.188
2012-01-01-21,0.188
2012-01-01-22,0.188
2012-01-01-23,0.188
2012-02-01-00,0.148
2012-02-01-01,0.138
2012-02-01-02,0.138
2012-02-01-03,0.138
2012-02-01-04,0.138
2012-02-01-05,0.138
2012-02-01-06,0.138
2012-02-01-07,0.138
2012-02-01-08,0.138
2012-02-01-09,0.128
2012-02-01-10,0.128
2012-02-01-11,0.128
2012-02-01-12,0.128
2012-02-01-13,0.128
2012-02-01-14,0.128
2012-02-01-15,0.128
2012-02-01-16,0.128
2012-02-01-17,0.128
2012-02-01-18,0.128
2012-02-01-19,0.128
2012-02-01-20,0.128
2012-02-01-21,0.128
2012-02-01-22,0.128
2012-02-01-23,0.118
2012-03-01-00,0.308
2012-03-01-01,0.308
2012-03-01-02,0.308
2012-03-01-03,0.308
2012-03-01-04,0.308
2012-03-01-05,0.308
2012-03-01-06,0.308
2012-03-01-07,0.308
2012-03-01-08,0.308
2012-03-01-09,0.298
2012-03-01-10,0.298
2012-03-01-11,0.298
2012-03-01-12,0.298
2012-03-01-13,0.298
2012-03-01-14,0.298
2012-03-01-15,0.298
2012-03-01-16,0.298
2012-03-01-17,0.298
2012-03-01-18,0.298
2012-03-01-19,0.288
2012-03-01-20,0.288
2012-03-01-21,0.288
2012-03-01-22,0.288
2012-03-01-23,0.278
2012-04-01-00,0.528
2012-04-01-01,0.528
2012-04-01-02,0.528
2012-04-01-03,0.528
2012-04-01-04,0.528
2012-04-01-05,0.528
2012-04-01-06,0.518
2012-04-01-07,0.518
2012-04-01-08,0.518
2012-04-01-09,0.518
2012-04-01-10,0.518
2012-04-01-11,0.508
2012-04-01-12,0.498
2012-04-01-13,0.498
2012-04-01-14,0.498
2012-04-01-15,0.488
2012-04-01-16,0.488
2012-04-01-17,0.488
2012-04-01-18,0.478
2012-04-01-19,0.478
2012-04-01-20,0.478
2012-04-01-21,0.478
2012-04-01-22,0.468
2012-04-01-23,0.468
2012-05-01-00,1.448
2012-05-01-01,1.448
2012-05-01-02,1.448
2012-05-01-03,1.468
2012-05-01-04,1.468
2012-05-01-05,1.478
2012-05-01-06,1.478
2012-05-01-07,1.478
2012-05-01-08,1.478
2012-05-01-09,1.488
2012-05-01-10,1.488
2012-05-01-11,1.488
2012-05-01-12,1.488
2012-05-01-13,1.488
2012-05-01-14,1.488
2012-05-01-15,1.488
2012-05-01-16,1.488
2012-05-01-17,1.478
2012-05-01-18,1.478
2012-05-01-19,1.478
2012-05-01-20,1.478
2012-05-01-21,1.478
2012-05-01-22,1.478
2012-05-01-23,1.468
2012-06-01-00,1.018
2012-06-01-01,1.018
2012-06-01-02,1.018
2012-06-01-03,1.008
2012-06-01-04,1.008
2012-06-01-05,1.008
2012-06-01-06,1.308
2012-06-01-07,1.418
2012-06-01-08,1.468
2012-06-01-09,1.498
2012-06-01-10,1.518
2012-06-01-11,1.538
2012-06-01-12,1.548
2012-06-01-13,1.568
2012-06-01-14,1.568
2012-06-01-15,1.568
2012-06-01-16,1.568
2012-06-01-17,1.568
2012-06-01-18,1.578
2012-06-01-19,1.588
2012-06-01-20,1.588
2012-06-01-21,1.588
2012-06-01-22,1.588
2012-06-01-23,1.588
2012-07-01-00,1.268
2012-07-01-01,1.268
2012-07-01-02,1.258
2012-07-01-03,1.258
2012-07-01-04,1.258
2012-07-01-05,1.258
2012-07-01-06,1.248
2012-07-01-07,1.238
2012-07-01-08,1.238
2012-07-01-09,1.228
2012-07-01-10,1.228
2012-07-01-11,1.228
2012-07-01-12,1.208
2012-07-01-13,1.208
2012-07-01-14,1.208
2012-07-01-15,1.208
2012-07-01-16,1.198
2012-07-01-17,1.198
2012-07-01-18,1.188
2012-07-01-19,1.188
2012-07-01-20,1.178
2012-07-01-21,1.178
2012-07-01-22,1.178
2012-07-01-23,1.178
2012-08-01-00,0.948
2012-08-01-01,0.948
2012-08-01-02,0.948
2012-08-01-03,0.938
2012-08-01-04,0.938
2012-08-01-05,0.938
2012-08-01-06,0.938
2012-08-01-07,0.938
2012-08-01-08,0.938
2012-08-01-09,0.928
2012-08-01-10,0.928
2012-08-01-11,0.928
2012-08-01-12,0.928
2012-08-01-13,0.928
2012-08-01-14,0.928
2012-08-01-15,0.908
2012-08-01-16,0.908
2012-08-01-17,0.908
2012-08-01-18,0.908
2012-08-01-19,0.908
2012-08-01-20,0.898
2012-08-01-21,0.898
2012-08-01-22,0.898
2012-08-01-23,0.888
2012-09-01-00,1.818
2012-09-01-01,1.818
2012-09-01-02,1.808
2012-09-01-03,1.788
2012-09-01-04,1.778
2012-09-01-05,1.778
2012-09-01-06,1.768
2012-09-01-07,1.768
2012-09-01-08,1.748
2012-09-01-09,1.748
2012-09-01-10,1.738
2012-09-01-11,1.738
2012-09-01-12,1.738
2012-09-01-13,1.728
2012-09-01-14,1.728
2012-09-01-15,1.718
2012-09-01-16,1.708
2012-09-01-17,1.708
2012-09-01-18,1.698
2012-09-01-19,1.688
2012-09-01-20,1.688
2012-09-01-21,1.688
2012-09-01-22,1.678
2012-09-01-23,1.668
2012-10-01-00,1.088
2012-10-01-01,1.078
2012-10-01-02,1.078
2012-10-01-03,1.078
2012-10-01-04,1.078
2012-10-01-05,1.078
2012-10-01-06,1.078
2012-10-01-07,1.068
2012-10-01-08,1.068
2012-10-01-09,1.058
2012-10-01-10,1.058
2012-10-01-11,1.048
2012-10-01-12,1.048
2012-10-01-13,1.058
2012-10-01-14,1.098
2012-10-01-15,1.118
2012-10-01-16,1.118
2012-10-01-17,1.128
2012-10-01-18,1.178
2012-10-01-19,1.188
2012-10-01-20,1.188
2012-10-01-21,1.198
2012-10-01-22,1.198
2012-10-01-23,1.208
2012-11-01-00,1.088
2012-11-01-01,1.088
2012-11-01-02,1.088
2012-11-01-03,1.088
2012-11-01-04,1.088
2012-11-01-05,1.088
2012-11-01-06,1.078
2012-11-01-07,1.078
2012-11-01-08,1.078
2012-11-01-09,1.078
2012-11-01-10,1.078
2012-11-01-11,1.068
2012-11-01-12,1.068
2012-11-01-13,1.068
2012-11-01-14,1.068
2012-11-01-15,1.068
2012-11-01-16,1.068
2012-11-01-17,1.068
2012-11-01-18,1.058
2012-11-01-19,1.058
2012-11-01-20,1.058
2012-11-01-21,1.058
2012-11-01-22,1.048
2012-11-01-23,1.048
2012-12-01-00,0.468
2012-12-01-01,0.468
2012-12-01-02,0.468
2012-12-01-03,0.478
2012-12-01-04,0.478
2012-12-01-05,0.478
2012-12-01-06,0.478
2012-12-01-07,0.488
2012-12-01-08,0.488
2012-12-01-09,0.488
2012-12-01-10,0.478
2012-12-01-11,0.478
2012-12-01-12,0.478
2012-12-01-13,0.478
2012-12-01-14,0.478
2012-12-01-15,0.478
2012-12-01-16,0.478
2012-12-01-17,0.468
2012-12-01-18,0.468
2012-12-01-19,0.458
2012-12-01-20,0.458
2012-12-01-21,0.458
2012-12-01-22,0.458
2012-12-01-23,0.458
2013-01-01-00,0.168
2013-01-01-01,0.168
2013-01-01-02,0.168
2013-01-01-03,0.168
2013-01-01-04,0.168
2013-01-01-05,0.168
2013-01-01-06,0.168
2013-01-01-07,0.168
2013-01-01-08,0.168
2013-01-01-09,0.168
2013-01-01-10,0.168
2013-01-01-11,0.168
2013-01-01-12,0.168
2013-01-01-13,0.168
2013-01-01-14,0.168
2013-01-01-15,0.168
2013-01-01-16,0.168
2013-01-01-17,0.168
2013-01-01-18,0.168
2013-01-01-19,0.168
2013-01-01-20,0.168
2013-01-01-21,0.168
2013-01-01-22,0.168
2013-01-01-23,0.168
2013-02-01-00,0.098
2013-02-01-01,0.098
2013-02-01-02,0.098
2013-02-01-03,0.098
2013-02-01-04,0.098
2013-02-01-05,0.098
2013-02-01-06,0.098
2013-02-01-07,0.098
2013-02-01-08,0.098
2013-02-01-09,0.098
2013-02-01-10,0.098
2013-02-01-11,0.098
2013-02-01-12,0.088
2013-02-01-13,0.088
2013-02-01-14,0.088
2013-02-01-15,0.088
2013-02-01-16,0.088
2013-02-01-17,0.088
2013-02-01-18,0.088
2013-02-01-19,0.088
2013-02-01-20,0.088
2013-02-01-21,0.088
2013-02-01-22,0.088
2013-02-01-23,0.088
2013-03-01-00,0.248
2013-03-01-01,0.248
2013-03-01-02,0.248
2013-03-01-03,0.248
2013-03-01-04,0.248
2013-03-01-05,0.248
2013-03-01-06,0.248
2013-03-01-07,0.248
2013-03-01-08,0.248
2013-03-01-09,0.248
2013-03-01-10,0.248
2013-03-01-11,0.248
2013-03-01-12,0.248
2013-03-01-13,0.248
2013-03-01-14,0.248
2013-03-01-15,0.248
2013-03-01-16,0.248
2013-03-01-17,0.248
2013-03-01-18,0.248
2013-03-01-19,0.248
2013-03-01-20,0.248
2013-03-01-21,0.248
2013-03-01-22,0.248
2013-03-01-23,0.248
2013-04-01-00,0.108
2013-04-01-01,0.108
2013-04-01-02,0.108
2013-04-01-03,0.098
2013-04-01-04,0.098
2013-04-01-05,0.098
2013-04-01-06,0.098
2013-04-01-07,0.098
2013-04-01-08,0.098
2013-04-01-09,0.098
2013-04-01-10,0.098
2013-04-01-11,0.098
2013-04-01-12,0.098
2013-04-01-13,0.098
2013-04-01-14,0.098
2013-04-01-15,0.318
2013-04-01-16,0.378
2013-04-01-17,0.388
2013-04-01-18,0.398
2013-04-01-19,0.398
2013-04-01-20,0.388
2013-04-01-21,0.388
2013-04-01-22,0.388
2013-04-01-23,0.388
2013-05-01-00,1.178
2013-05-01-01,1.168
2013-05-01-02,1.168
2013-05-01-03,1.168
2013-05-01-04,1.168
2013-05-01-05,1.168
2013-05-01-06,1.168
2013-05-01-07,1.148
2013-05-01-08,1.148
2013-05-01-09,1.148
2013-05-01-10,1.128
2013-05-01-11,1.128
2013-05-01-12,1.128
2013-05-01-13,1.128
2013-05-01-14,1.128
2013-05-01-15,1.108
2013-05-01-16,1.108
2013-05-01-17,1.158
2013-05-01-18,1.188
2013-05-01-19,1.208
2013-05-01-20,1.208
2013-05-01-21,1.208
2013-05-01-22,1.208
2013-05-01-23,1.208
2013-06-01-00,1.108
2013-06-01-01,1.108
2013-06-01-02,1.168
2013-06-01-03,1.178
2013-06-01-04,1.178
2013-06-01-05,1.178
2013-06-01-06,1.168
2013-06-01-07,1.168
2013-06-01-08,1.158
2013-06-01-09,1.148
2013-06-01-10,1.148
2013-06-01-11,1.128
2013-06-01-12,1.128
2013-06-01-13,1.118
2013-06-01-14,1.108
2013-06-01-15,1.108
2013-06-01-16,1.108
2013-06-01-17,1.098
2013-06-01-18,1.128
2013-06-01-19,1.138
2013-06-01-20,1.148
2013-06-01-21,1.148
2013-06-01-22,1.168
2013-06-01-23,1.168
2013-07-01-00,0.658
2013-07-01-01,0.648
2013-07-01-02,0.648
2013-07-01-03,0.638
2013-07-01-04,0.628
2013-07-01-05,0.628
2013-07-01-06,0.618
2013-07-01-07,0.608
2013-07-01-08,0.608
2013-07-01-09,0.608
2013-07-01-10,0.588
2013-07-01-11,0.588
2013-07-01-12,0.588
2013-07-01-13,0.578
2013-07-01-14,0.588
2013-07-01-15,0.588
2013-07-01-16,0.588
2013-07-01-17,0.578
2013-07-01-18,0.578
2013-07-01-19,0.578
2013-07-01-20,0.578
2013-07-01-21,0.578
2013-07-01-22,0.568
2013-07-01-23,0.568
2013-08-01-00,1.648
2013-08-01-01,1.648
2013-08-01-02,1.638
2013-08-01-03,1.628
2013-08-01-04,1.628
2013-08-01-05,1.618
2013-08-01-06,1.618
2013-08-01-07,1.608
2013-08-01-08,1.598
2013-08-01-09,1.598
2013-08-01-10,1.588
2013-08-01-11,1.578
2013-08-01-12,1.578
2013-08-01-13,1.568
2013-08-01-14,1.548
2013-08-01-15,1.548
2013-08-01-16,1.538
2013-08-01-17,1.528
2013-08-01-18,1.528
2013-08-01-19,1.518
2013-08-01-20,1.518
2013-08-01-21,1.518
2013-08-01-22,1.508
2013-08-01-23,1.498
2013-09-01-00,0.378
2013-09-01-01,0.378
2013-09-01-02,0.378
2013-09-01-03,0.378
2013-09-01-04,0.378
2013-09-01-05,0.378
2013-09-01-06,0.378
2013-09-01-07,0.378
2013-09-01-08,0.378
2013-09-01-09,0.378
2013-09-01-10,0.368
2013-09-01-11,0.368
2013-09-01-12,0.368
2013-09-01-13,0.368
2013-09-01-14,0.368
2013-09-01-15,0.368
2013-09-01-16,0.358
2013-09-01-17,0.358
2013-09-01-18,0.358
2013-09-01-19,0.358
2013-09-01-20,0.358
2013-09-01-21,0.348
2013-09-01-22,0.348
2013-09-01-23,0.348
2013-10-01-00,1.328
2013-10-01-01,1.328
2013-10-01-02,1.318
2013-10-01-03,1.318
2013-10-01-04,1.318
2013-10-01-05,1.318
2013-10-01-06,1.308
2013-10-01-07,1.308
2013-10-01-08,1.308
2013-10-01-09,1.298
2013-10-01-10,1.288
2013-10-01-11,1.288
2013-10-01-12,1.288
2013-10-01-13,1.288
2013-10-01-14,1.278
2013-10-01-15,1.268
2013-10-01-16,1.268
2013-10-01-17,1.268
2013-10-01-18,1.258
2013-10-01-19,1.258
2013-10-01-20,1.258
2013-10-01-21,1.258
2013-10-01-22,1.248
2013-10-01-23,1.238
2013-11-01-00,0.868
2013-11-01-01,0.848
2013-11-01-02,0.848
2013-11-01-03,0.848
2013-11-01-04,0.848
2013-11-01-05,0.848
2013-11-01-06,0.848
2013-11-01-07,0.848
2013-11-01-08,0.848
2013-11-01-09,0.848
2013-11-01-10,0.848
2013-11-01-11,0.848
2013-11-01-12,0.848
2013-11-01-13,0.848
2013-11-01-14,0.838
2013-11-01-15,0.838
2013-11-01-16,0.838
2013-11-01-17,0.838
2013-11-01-18,0.838
2013-11-01-19,0.828
2013-11-01-20,0.828
2013-11-01-21,0.828
2013-11-01-22,0.828
2013-11-01-23,0.828
2013-12-01-00,0.8496
2013-12-01-01,0.8712
2013-12-01-02,0.8928
2013-12-01-03,0.9144
2013-12-01-04,0.936
2013-12-01-05,0.9576
2013-12-01-06,0.9792
2013-12-01-07,1.0008
2013-12-01-08,1.0224
2013-12-01-09,1.044
2013-12-01-10,1.0656
2013-12-01-11,1.0872
2013-12-01-12,1.1088
2013-12-01-13,1.1304
2013-12-01-14,1.152
2013-12-01-15,1.1736
2013-12-01-16,1.1952
2013-12-01-17,1.2168
2013-12-01-18,1.2384
2013-12-01-19,1.26
2013-12-01-20,1.2816
2013-12-01-21,1.3032
2013-12-01-22,1.3248
2013-12-01-23,1.3464
2014-01-01-00,1.368
2014-01-01-01,1.358
2014-01-01-02,1.358
2014-01-01-03,1.348
2014-01-01-04,1.348
2014-01-01-05,1.348
2014-01-01-06,1.348
2014-01-01-07,1.338
2014-01-01-08,1.328
2014-01-01-09,1.328
2014-01-01-10,1.328
2014-01-01-11,1.328
2014-01-01-12,1.318
2014-01-01-13,1.318
2014-01-01-14,1.328
2014-01-01-15,1.328
2014-01-01-16,1.318
2014-01-01-17,1.318
2014-01-01-18,1.318
2014-01-01-19,1.308
2014-01-01-20,1.308
2014-01-01-21,1.308
2014-01-01-22,1.298
2014-01-01-23,1.298
2014-02-01-00,0.828
2014-02-01-01,0.828
2014-02-01-02,0.828
2014-02-01-03,0.828
2014-02-01-04,0.828
2014-02-01-05,0.828
2014-02-01-06,0.828
2014-02-01-07,0.828
2014-02-01-08,0.828
2014-02-01-09,0.818
2014-02-01-10,0.808
2014-02-01-11,0.808
2014-02-01-12,0.808
2014-02-01-13,0.808
2014-02-01-14,0.808
2014-02-01-15,0.808
2014-02-01-16,0.808
2014-02-01-17,0.808
2014-02-01-18,0.808
2014-02-01-19,0.808
2014-02-01-20,0.808
2014-02-01-21,0.808
2014-02-01-22,0.808
2014-02-01-23,0.808
2014-03-01-00,0.428
2014-03-01-01,0.418
2014-03-01-02,0.418
2014-03-01-03,0.418
2014-03-01-04,0.418
2014-03-01-05,0.418
2014-03-01-06,0.418
2014-03-01-07,0.418
2014-03-01-08,0.418
2014-03-01-09,0.418
2014-03-01-10,0.418
2014-03-01-11,0.418
2014-03-01-12,0.418
2014-03-01-13,0.418
2014-03-01-14,0.418
2014-03-01-15,0.418
2014-03-01-16,0.418
2014-03-01-17,0.418
2014-03-01-18,0.418
2014-03-01-19,0.418
2014-03-01-20,0.418
2014-03-01-21,0.418
2014-03-01-22,0.418
2014-03-01-23,0.418
2014-04-01-00,0.318
2014-04-01-01,0.318
2014-04-01-02,0.318
2014-04-01-03,0.318
2014-04-01-04,0.318
2014-04-01-05,0.318
2014-04-01-06,0.318
2014-04-01-07,0.308
2014-04-01-08,0.308
2014-04-01-09,0.308
2014-04-01-10,0.298
2014-04-01-11,0.298
2014-04-01-12,0.298
2014-04-01-13,0.298
2014-04-01-14,0.298
2014-04-01-15,0.298
2014-04-01-16,0.298
2014-04-01-17,0.298
2014-04-01-18,0.298
2014-04-01-19,0.298
2014-04-01-20,0.298
2014-04-01-21,0.288
2014-04-01-22,0.288
2014-04-01-23,0.288
2014-05-01-00,0.358
2014-05-01-01,0.358
2014-05-01-02,0.358
2014-05-01-03,0.358
2014-05-01-04,0.358
2014-05-01-05,0.358
2014-05-01-06,0.358
2014-05-01-07,0.358
2014-05-01-08,0.358
2014-05-01-09,0.358
2014-05-01-10,0.348
2014-05-01-11,0.348
2014-05-01-12,0.348
2014-05-01-13,0.348
2014-05-01-14,0.348
2014-05-01-15,0.348
2014-05-01-16,0.348
2014-05-01-17,0.348
2014-05-01-18,0.348
2014-05-01-19,0.348
2014-05-01-20,0.348
2014-05-01-21,0.348
2014-05-01-22,0.348
2014-05-01-23,0.348
2014-06-01-00,0.318
2014-06-01-01,0.318
2014-06-01-02,0.318
2014-06-01-03,0.338
2014-06-01-04,0.358
2014-06-01-05,0.358
2014-06-01-06,0.358
2014-06-01-07,0.358
2014-06-01-08,0.358
2014-06-01-09,0.358
2014-06-01-10,0.358
2014-06-01-11,0.348
2014-06-01-12,0.348
2014-06-01-13,0.348
2014-06-01-14,0.338
2014-06-01-15,0.338
2014-06-01-16,0.338
2014-06-01-17,0.338
2014-06-01-18,0.328
2014-06-01-19,0.338
2014-06-01-20,0.338
2014-06-01-21,0.338
2014-06-01-22,0.338
2014-06-01-23,0.328
2014-07-01-00,1.598
2014-07-01-01,1.598
2014-07-01-02,1.608
2014-07-01-03,1.618
2014-07-01-04,1.618
2014-07-01-05,1.618
2014-07-01-06,1.618
2014-07-01-07,1.628
2014-07-01-08,1.628
2014-07-01-09,1.628
2014-07-01-10,1.628
2014-07-01-11,1.628
2014-07-01-12,1.628
2014-07-01-13,1.628
2014-07-01-14,1.628
2014-07-01-15,1.628
2014-07-01-16,1.628
2014-07-01-17,1.628
2014-07-01-18,1.628
2014-07-01-19,1.618
2014-07-01-20,1.618
2014-07-01-21,1.618
2014-07-01-22,1.608
2014-07-01-23,1.608
2014-08-01-00,1.028
2014-08-01-01,1.028
2014-08-01-02,1.028
2014-08-01-03,1.028
2014-08-01-04,1.028
2014-08-01-05,1.028
2014-08-01-06,1.018
2014-08-01-07,1.018
2014-08-01-08,1.018
2014-08-01-09,1.018
2014-08-01-10,1.008
2014-08-01-11,1.008
2014-08-01-12,1.008
2014-08-01-13,1.008
2014-08-01-14,1.008
2014-08-01-15,1.008
2014-08-01-16,1.008
2014-08-01-17,1.008
2014-08-01-18,1.008
2014-08-01-19,0.988
2014-08-01-20,0.988
2014-08-01-21,0.988
2014-08-01-22,0.988
2014-08-01-23,0.988
2014-09-01-00,0.628
2014-09-01-01,0.628
2014-09-01-02,0.628
2014-09-01-03,0.628
2014-09-01-04,0.628
2014-09-01-05,0.618
2014-09-01-06,0.618
2014-09-01-07,0.618
2014-09-01-08,0.618
2014-09-01-09,0.618
2014-09-01-10,0.618
2014-09-01-11,0.608
2014-09-01-12,0.608
2014-09-01-13,0.608
2014-09-01-14,0.608
2014-09-01-15,0.608
2014-09-01-16,0.608
2014-09-01-17,0.608
2014-09-01-18,0.608
2014-09-01-19,0.608
2014-09-01-20,0.608
2014-09-01-21,0.608
2014-09-01-22,0.608
2014-09-01-23,0.608
2014-10-01-00,1.578
2014-10-01-01,1.568
2014-10-01-02,1.568
2014-10-01-03,1.568
2014-10-01-04,1.558
2014-10-01-05,1.558
2014-10-01-06,1.558
2014-10-01-07,1.548
2014-10-01-08,1.548
2014-10-01-09,1.528
2014-10-01-10,1.528
2014-10-01-11,1.528
2014-10-01-12,1.518
2014-10-01-13,1.518
2014-10-01-14,1.518
2014-10-01-15,1.518
2014-10-01-16,1.528
2014-10-01-17,1.528
2014-10-01-18,1.528
2014-10-01-19,1.538
2014-10-01-20,1.518
2014-10-01-21,1.508
2014-10-01-22,1.488
2014-10-01-23,1.478
2014-11-01-00,0.748
2014-11-01-01,0.748
2014-11-01-02,0.748
2014-11-01-03,0.748
2014-11-01-04,0.748
2014-11-01-05,0.748
2014-11-01-06,0.748
2014-11-01-07,0.738
2014-11-01-08,0.738
2014-11-01-09,0.738
2014-11-01-10,0.738
2014-11-01-11,0.738
2014-11-01-12,0.728
2014-11-01-13,0.728
2014-11-01-14,0.728
2014-11-01-15,0.728
2014-11-01-16,0.728
2014-11-01-17,0.728
2014-11-01-18,0.728
2014-11-01-19,0.728
2014-11-01-20,0.718
2014-11-01-21,0.718
2014-11-01-22,0.718
2014-11-01-23,0.718
2014-12-01-00,0.638
2014-12-01-01,0.628
2014-12-01-02,0.628
2014-12-01-03,0.638
2014-12-01-04,0.628
2014-12-01-05,0.628
2014-12-01-06,0.628
2014-12-01-07,0.628
2014-12-01-08,0.628
2014-12-01-09,0.628
2014-12-01-10,0.628
2014-12-01-11,0.628
2014-12-01-12,0.598
2014-12-01-13,0.598
2014-12-01-14,0.598
2014-12-01-15,0.598
2014-12-01-16,0.598
2014-12-01-17,0.598
2014-12-01-18,0.598
2014-12-01-19,0.598
2014-12-01-20,0.598
2014-12-01-21,0.598
2014-12-01-22,0.598
2014-12-01-23,0.598
2015-01-01-00,0.448
2015-01-01-01,0.448
2015-01-01-02,0.448
2015-01-01-03,0.448
2015-01-01-04,0.448
2015-01-01-05,0.448
2015-01-01-06,0.448
2015-01-01-07,0.448
2015-01-01-08,0.448
2015-01-01-09,0.448
2015-01-01-10,0.448
2015-01-01-11,0.448
2015-01-01-12,0.448
2015-01-01-13,0.448
2015-01-01-14,0.448
2015-01-01-15,0.448
2015-01-01-16,0.438
2015-01-01-17,0.438
2015-01-01-18,0.438
2015-01-01-19,0.438
2015-01-01-20,0.438
2015-01-01-21,0.438
2015-01-01-22,0.438
2015-01-01-23,0.438
2015-02-01-00,0.378
2015-02-01-01,0.378
2015-02-01-02,0.378
2015-02-01-03,0.378
2015-02-01-04,0.378
2015-02-01-05,0.378
2015-02-01-06,0.378
2015-02-01-07,0.378
2015-02-01-08,0.378
2015-02-01-09,0.378
2015-02-01-10,0.368
2015-02-01-11,0.368
2015-02-01-12,0.368
2015-02-01-13,0.368
2015-02-01-14,0.368
2015-02-01-15,0.368
2015-02-01-16,0.368
2015-02-01-17,0.368
2015-02-01-18,0.368
2015-02-01-19,0.368
2015-02-01-20,0.368
2015-02-01-21,0.368
2015-02-01-22,0.368
2015-02-01-23,0.368
2015-03-01-00,2.398
2015-03-01-01,2.408
2015-03-01-02,2.408
2015-03-01-03,2.418
2015-03-01-04,2.418
2015-03-01-05,2.408
2015-03-01-06,2.408
2015-03-01-07,2.408
2015-03-01-08,2.388
2015-03-01-09,2.378
2015-03-01-10,2.378
2015-03-01-11,2.368
2015-03-01-12,2.358
2015-03-01-13,2.348
2015-03-01-14,2.338
2015-03-01-15,2.328
2015-03-01-16,2.318
2015-03-01-17,2.308
2015-03-01-18,2.298
2015-03-01-19,2.288
2015-03-01-20,2.278
2015-03-01-21,2.268
2015-03-01-22,2.258
2015-03-01-23,2.248
2015-04-01-00,0.348
2015-04-01-01,0.348
2015-04-01-02,0.348
2015-04-01-03,0.338
2015-04-01-04,0.338
2015-04-01-05,0.338
2015-04-01-06,0.338
2015-04-01-07,0.338
2015-04-01-08,0.338
2015-04-01-09,0.338
2015-04-01-10,0.338
2015-04-01-11,0.338
2015-04-01-12,0.338
2015-04-01-13,0.338
2015-04-01-14,0.338
2015-04-01-15,0.328
2015-04-01-16,0.328
2015-04-01-17,0.328
2015-04-01-18,0.328
2015-04-01-19,0.328
2015-04-01-20,0.328
2015-04-01-21,0.328
2015-04-01-22,0.328
2015-04-01-23,0.328
2015-05-01-00,0.928
2015-05-01-01,0.928
2015-05-01-02,0.928
2015-05-01-03,0.928
2015-05-01-04,0.928
2015-05-01-05,0.918
2015-05-01-06,0.918
2015-05-01-07,0.918
2015-05-01-08,0.918
2015-05-01-09,0.918
2015-05-01-10,0.908
2015-05-01-11,0.908
2015-05-01-12,0.908
2015-05-01-13,0.908
2015-05-01-14,0.908
2015-05-01-15,0.898
2015-05-01-16,0.898
2015-05-01-17,0.888
2015-05-01-18,0.888
2015-05-01-19,0.888
2015-05-01-20,0.878
2015-05-01-21,0.878
2015-05-01-22,0.878
2015-05-01-23,0.878
2015-06-01-00,0.228
2015-06-01-01,0.228
2015-06-01-02,0.228
2015-06-01-03,0.228
2015-06-01-04,0.228
2015-06-01-05,0.218
2015-06-01-06,0.218
2015-06-01-07,0.218
2015-06-01-08,0.218
2015-06-01-09,0.208
2015-06-01-10,0.208
2015-06-01-11,0.208
2015-06-01-12,0.208
2015-06-01-13,0.198
2015-06-01-14,0.198
2015-06-01-15,0.198
2015-06-01-16,0.198
2015-06-01-17,0.188
2015-06-01-18,0.188
2015-06-01-19,0.188
2015-06-01-20,0.188
2015-06-01-21,0.188
2015-06-01-22,0.188
2015-06-01-23,0.188
2015-07-01-00,0.298
2015-07-01-01,0.298
2015-07-01-02,0.298
2015-07-01-03,0.298
2015-07-01-04,0.288
2015-07-01-05,0.288
2015-07-01-06,0.288
2015-07-01-07,0.278
2015-07-01-08,0.278
2015-07-01-09,0.278
2015-07-01-10,0.278
2015-07-01-11,0.278
2015-07-01-12,0.268
2015-07-01-13,0.268
2015-07-01-14,0.268
2015-07-01-15,0.258
2015-07-01-16,0.258
2015-07-01-17,0.258
2015-07-01-18,0.258
2015-07-01-19,0.248
2015-07-01-20,0.248
2015-07-01-21,0.248
2015-07-01-22,0.248
2015-07-01-23,0.248
2015-08-01-00,0.598
2015-08-01-01,0.598
2015-08-01-02,0.598
2015-08-01-03,0.598
2015-08-01-04,0.598
2015-08-01-05,0.598
2015-08-01-06,0.598
2015-08-01-07,0.588
2015-08-01-08,0.588
2015-08-01-09,0.588
2015-08-01-10,0.588
2015-08-01-11,0.588
2015-08-01-12,0.578
2015-08-01-13,0.578
2015-08-01-14,0.578
2015-08-01-15,0.578
2015-08-01-16,0.568
2015-08-01-17,0.568
2015-08-01-18,0.568
2015-08-01-19,0.568
2015-08-01-20,0.558
2015-08-01-21,0.558
2015-08-01-22,0.558
2015-08-01-23,0.558
2015-09-01-00,1.398
2015-09-01-01,1.398
2015-09-01-02,1.388
2015-09-01-03,1.388
2015-09-01-04,1.388
2015-09-01-05,1.388
2015-09-01-06,1.378
2015-09-01-07,1.378
2015-09-01-08,1.368
2015-09-01-09,1.368
2015-09-01-10,1.358
2015-09-01-11,1.358
2015-09-01-12,1.348
2015-09-01-13,1.348
2015-09-01-14,1.338
2015-09-01-15,1.338
2015-09-01-16,1.338
2015-09-01-17,1.328
2015-09-01-18,1.318
2015-09-01-19,1.308
2015-09-01-20,1.308
2015-09-01-21,1.298
2015-09-01-22,1.298
2015-09-01-23,1.288
2015-10-01-00,1.808
2015-10-01-01,1.798
2015-10-01-02,1.798
2015-10-01-03,1.788
2015-10-01-04,1.788
2015-10-01-05,1.788
2015-10-01-06,1.778
2015-10-01-07,1.768
2015-10-01-08,1.758
2015-10-01-09,1.758
2015-10-01-10,1.748
2015-10-01-11,1.748
2015-10-01-12,1.738
2015-10-01-13,1.718
2015-10-01-14,1.718
2015-10-01-15,1.708
2015-10-01-16,1.708
2015-10-01-17,1.698
2015-10-01-18,1.688
2015-10-01-19,1.688
2015-10-01-20,1.678
2015-10-01-21,1.668
2015-10-01-22,1.668
2015-10-01-23,1.658
2015-11-01-00,1.028
2015-11-01-01,1.028
2015-11-01-02,1.028
2015-11-01-03,1.028
2015-11-01-04,1.028
2015-11-01-05,1.028
2015-11-01-06,1.028
2015-11-01-07,1.018
2015-11-01-08,1.018
2015-11-01-09,1.028
2015-11-01-10,1.028
2015-11-01-11,1.028
2015-11-01-12,1.018
2015-11-01-13,1.018
2015-11-01-14,1.018
2015-11-01-15,1.018
2015-11-01-16,1.018
2015-11-01-17,1.018
2015-11-01-18,1.018
2015-11-01-19,1.008
2015-11-01-20,0.998
2015-11-01-21,0.998
2015-11-01-22,0.998
2015-11-01-23,0.998
2015-12-01-00,0.9888
2015-12-01-01,0.9796
2015-12-01-02,0.9704
2015-12-01-03,0.9612
2015-12-01-04,0.952
2015-12-01-05,0.9428
2015-12-01-06,0.9336
2015-12-01-07,0.9244
2015-12-01-08,0.9152
2015-12-01-09,0.906
2015-12-01-10,0.8968
2015-12-01-11,0.8876
2015-12-01-12,0.8784
2015-12-01-13,0.8692
2015-12-01-14,0.86
2015-12-01-15,0.8508
2015-12-01-16,0.8416
2015-12-01-17,0.8324
2015-12-01-18,0.8232
2015-12-01-19,0.814
2015-12-01-20,0.8048
2015-12-01-21,0.7956
2015-12-01-22,0.7864
2015-12-01-23,0.7772
2016-01-01-00,0.768
2016-01-01-01,0.768
2016-01-01-02,0.768
2016-01-01-03,0.758
2016-01-01-04,0.758
2016-01-01-05,0.758
2016-01-01-06,0.758
2016-01-01-07,0.758
2016-01-01-08,0.758
2016-01-01-09,0.748
2016-01-01-10,0.748
2016-01-01-11,0.748
2016-01-01-12,0.748
2016-01-01-13,0.748
2016-01-01-14,0.748
2016-01-01-15,0.738
2016-01-01-16,0.748
2016-01-01-17,0.738
2016-01-01-18,0.738
2016-01-01-19,0.738
2016-01-01-20,0.738
2016-01-01-21,0.738
2016-01-01-22,0.738
2016-01-01-23,0.738
2016-02-01-00,0.736041237
2016-02-01-01,0.734082474
2016-02-01-02,0.732123711
2016-02-01-03,0.730164948
2016-02-01-04,0.728206186
2016-02-01-05,0.726247423
2016-02-01-06,0.72428866
2016-02-01-07,0.722329897
2016-02-01-08,0.720371134
2016-02-01-09,0.718412371
2016-02-01-10,0.716453608
2016-02-01-11,0.714494845
2016-02-01-12,0.712536082
2016-02-01-13,0.71057732
2016-02-01-14,0.708618557
2016-02-01-15,0.706659794
2016-02-01-16,0.704701031
2016-02-01-17,0.702742268
2016-02-01-18,0.700783505
2016-02-01-19,0.698824742
2016-02-01-20,0.696865979
2016-02-01-21,0.694907216
2016-02-01-22,0.692948454
2016-02-01-23,0.690989691
2016-03-01-00,0.689030928
2016-03-01-01,0.687072165
2016-03-01-02,0.685113402
2016-03-01-03,0.683154639
2016-03-01-04,0.681195876
2016-03-01-05,0.679237113
2016-03-01-06,0.677278351
2016-03-01-07,0.675319588
2016-03-01-08,0.673360825
2016-03-01-09,0.671402062
2016-03-01-10,0.669443299
2016-03-01-11,0.667484536
2016-03-01-12,0.665525773
2016-03-01-13,0.66356701
2016-03-01-14,0.661608247
2016-03-01-15,0.659649485
2016-03-01-16,0.657690722
2016-03-01-17,0.655731959
2016-03-01-18,0.653773196
2016-03-01-19,0.651814433
2016-03-01-20,0.64985567
2016-03-01-21,0.647896907
2016-03-01-22,0.645938144
2016-03-01-23,0.643979381
2016-04-01-00,0.642020619
2016-04-01-01,0.640061856
2016-04-01-02,0.638103093
2016-04-01-03,0.63614433
2016-04-01-04,0.634185567
2016-04-01-05,0.632226804
2016-04-01-06,0.630268041
2016-04-01-07,0.628309278
2016-04-01-08,0.626350515
2016-04-01-09,0.624391753
2016-04-01-10,0.62243299
2016-04-01-11,0.620474227
2016-04-01-12,0.618515464
2016-04-01-13,0.616556701
2016-04-01-14,0.614597938
2016-04-01-15,0.612639175
2016-04-01-16,0.610680412
2016-04-01-17,0.608721649
2016-04-01-18,0.606762887
2016-04-01-19,0.604804124
2016-04-01-20,0.602845361
2016-04-01-21,0.600886598
2016-04-01-22,0.598927835
2016-04-01-23,0.596969072
2016-05-01-00,0.595010309
2016-05-01-01,0.593051546
2016-05-01-02,0.591092784
2016-05-01-03,0.589134021
2016-05-01-04,0.587175258
2016-05-01-05,0.585216495
2016-05-01-06,0.583257732
2016-05-01-07,0.581298969
2016-05-01-08,0.579340206
2016-05-01-09,0.577381443
2016-05-01-10,0.57542268
2016-05-01-11,0.573463918
2016-05-01-12,0.571505155
2016-05-01-13,0.569546392
2016-05-01-14,0.567587629
2016-05-01-15,0.565628866
2016-05-01-16,0.563670103
2016-05-01-17,0.56171134
2016-05-01-18,0.559752577
2016-05-01-19,0.557793814
2016-05-01-20,0.555835052
2016-05-01-21,0.553876289
2016-05-01-22,0.551917526
2016-05-01-23,0.549958763
2016-06-01-00,0.548
2016-06-01-01,0.558
2016-06-01-02,0.568
2016-06-01-03,0.558
2016-06-01-04,0.558
2016-06-01-05,0.558
2016-06-01-06,0.558
2016-06-01-07,0.548
2016-06-01-08,0.548
2016-06-01-09,0.548
2016-06-01-10,0.548
2016-06-01-11,0.538
2016-06-01-12,0.538
2016-06-01-13,0.528
2016-06-01-14,0.528
2016-06-01-15,0.518
2016-06-01-16,0.518
2016-06-01-17,0.508
2016-06-01-18,0.508
2016-06-01-19,0.508
2016-06-01-20,0.508
2016-06-01-21,0.508
2016-06-01-22,0.508
2016-06-01-23,0.508
2016-07-01-00,0.778
2016-07-01-01,0.778
2016-07-01-02,0.768
2016-07-01-03,0.768
2016-07-01-04,0.768
2016-07-01-05,0.768
2016-07-01-06,0.758
2016-07-01-07,0.758
2016-07-01-08,0.758
2016-07-01-09,0.758
2016-07-01-10,0.758
2016-07-01-11,0.798
2016-07-01-12,0.798
2016-07-01-13,0.808
2016-07-01-14,0.808
2016-07-01-15,0.798
2016-07-01-16,0.778
2016-07-01-17,0.768
2016-07-01-18,0.768
2016-07-01-19,0.768
2016-07-01-20,0.758
2016-07-01-21,0.758
2016-07-01-22,0.758
2016-07-01-23,0.758
2016-08-01-00,0.248
2016-08-01-01,0.248
2016-08-01-02,0.248
2016-08-01-03,0.248
2016-08-01-04,0.238
2016-08-01-05,0.238
2016-08-01-06,0.238
2016-08-01-07,0.238
2016-08-01-08,0.238
2016-08-01-09,0.238
2016-08-01-10,0.238
2016-08-01-11,0.238
2016-08-01-12,0.238
2016-08-01-13,0.238
2016-08-01-14,0.238
2016-08-01-15,0.228
2016-08-01-16,0.238
2016-08-01-17,0.228
2016-08-01-18,0.228
2016-08-01-19,0.228
2016-08-01-20,0.228
2016-08-01-21,0.228
2016-08-01-22,0.228
2016-08-01-23,0.238
2016-09-01-00,1.228
2016-09-01-01,1.228
2016-09-01-02,1.228
2016-09-01-03,1.228
2016-09-01-04,1.228
2016-09-01-05,1.218
2016-09-01-06,1.218
2016-09-01-07,1.218
2016-09-01-08,1.208
2016-09-01-09,1.218
2016-09-01-10,1.208
2016-09-01-11,1.198
2016-09-01-12,1.198
2016-09-01-13,1.198
2016-09-01-14,1.198
2016-09-01-15,1.188
2016-09-01-16,1.188
2016-09-01-17,1.178
2016-09-01-18,1.178
2016-09-01-19,1.178
2016-09-01-20,1.168
2016-09-01-21,1.168
2016-09-01-22,1.168
2016-09-01-23,1.168
2016-10-01-00,0.958
2016-10-01-01,0.958
2016-10-01-02,0.968
2016-10-01-03,0.968
2016-10-01-04,0.968
2016-10-01-05,0.978
2016-10-01-06,0.988
2016-10-01-07,0.998
2016-10-01-08,1.008
2016-10-01-09,1.008
2016-10-01-10,1.018
2016-10-01-11,1.008
2016-10-01-12,1.018
2016-10-01-13,1.018
2016-10-01-14,1.018
2016-10-01-15,1.018
2016-10-01-16,1.018
2016-10-01-17,1.018
2016-10-01-18,1.018
2016-10-01-19,1.018
2016-10-01-20,1.018
2016-10-01-21,1.018
2016-10-01-22,1.018
2016-10-01-23,1.018
2016-11-01-00,1.378
2016-11-01-01,1.388
2016-11-01-02,1.378
2016-11-01-03,1.378
2016-11-01-04,1.378
2016-11-01-05,1.378
2016-11-01-06,1.368
2016-11-01-07,1.358
2016-11-01-08,1.358
2016-11-01-09,1.348
2016-11-01-10,1.348
2016-11-01-11,1.348
2016-11-01-12,1.348
2016-11-01-13,1.348
2016-11-01-14,1.348
2016-11-01-15,1.338
2016-11-01-16,1.338
2016-11-01-17,1.328
2016-11-01-18,1.328
2016-11-01-19,1.328
2016-11-01-20,1.318
2016-11-01-21,1.308
2016-11-01-22,1.318
2016-11-01-23,1.308
2016-12-01-00,0.498
2016-12-01-01,0.498
2016-12-01-02,0.498
2016-12-01-03,0.498
2016-12-01-04,0.498
2016-12-01-05,0.488
2016-12-01-06,0.488
2016-12-01-07,0.488
2016-12-01-08,0.488
2016-12-01-09,0.488
2016-12-01-10,0.488
2016-12-01-11,0.488
2016-12-01-12,0.488
2016-12-01-13,0.488
2016-12-01-14,0.488
2016-12-01-15,0.488
2016-12-01-16,0.488
2016-12-01-17,0.488
2016-12-01-18,0.488
2016-12-01-19,0.478
2016-12-01-20,0.478
2016-12-01-21,0.488
2016-12-01-22,0.478
2016-12-01-23,0.478
2017-01-01-00,0.508
2017-01-01-01,0.508
2017-01-01-02,0.508
2017-01-01-03,0.508
2017-01-01-04,0.508
2017-01-01-05,0.508
2017-01-01-06,0.508
2017-01-01-07,0.498
2017-01-01-08,0.498
2017-01-01-09,0.498
2017-01-01-10,0.498
2017-01-01-11,0.498
2017-01-01-12,0.498
2017-01-01-13,0.498
2017-01-01-14,0.498
2017-01-01-15,0.488
2017-01-01-16,0.488
2017-01-01-17,0.498
2017-01-01-18,0.488
2017-01-01-19,0.488
2017-01-01-20,0.498
2017-01-01-21,0.488
2017-01-01-22,0.488
2017-01-01-23,0.488
2017-02-01-00,0.338
2017-02-01-01,0.338
2017-02-01-02,0.333
2017-02-01-03,0.3355
2017-02-01-04,0.3305
2017-02-01-05,0.3305
2017-02-01-06,0.328
2017-02-01-07,0.328
2017-02-01-08,0.328
2017-02-01-09,0.323
2017-02-01-10,0.3205
2017-02-01-11,0.3205
2017-02-01-12,0.318
2017-02-01-13,0.3205
2017-02-01-14,0.318
2017-02-01-15,0.3205
2017-02-01-16,0.318
2017-02-01-17,0.313
2017-02-01-18,0.3155
2017-02-01-19,0.318
2017-02-01-20,0.3155
2017-02-01-21,0.313
2017-02-01-22,0.308
2017-02-01-23,0.3105
2017-03-01-00,0.338
2017-03-01-01,0.333
2017-03-01-02,0.333
2017-03-01-03,0.328
2017-03-01-04,0.328
2017-03-01-05,0.328
2017-03-01-06,0.3255
2017-03-01-07,0.3255
2017-03-01-08,0.318
2017-03-01-09,0.318
2017-03-01-10,0.318
2017-03-01-11,0.318
2017-03-01-12,0.318
2017-03-01-13,0.318
2017-03-01-14,0.318
2017-03-01-15,0.313
2017-03-01-16,0.313
2017-03-01-17,0.308
2017-03-01-18,0.308
2017-03-01-19,0.308
2017-03-01-20,0.3055
2017-03-01-21,0.303
2017-03-01-22,0.3055
2017-03-01-23,0.3055
2017-04-01-00,0.5155
2017-04-01-01,0.5105
2017-04-01-02,0.5105
2017-04-01-03,0.5105
2017-04-01-04,0.508
2017-04-01-05,0.5055
2017-04-01-06,0.5055
2017-04-01-07,0.503
2017-04-01-08,0.5005
2017-04-01-09,0.498
2017-04-01-10,0.498
2017-04-01-11,0.498
2017-04-01-12,0.4905
2017-04-01-13,0.4905
2017-04-01-14,0.488
2017-04-01-15,0.4855
2017-04-01-16,0.488
2017-04-01-17,0.488
2017-04-01-18,0.488
2017-04-01-19,0.483
2017-04-01-20,0.4805
2017-04-01-21,0.478
2017-04-01-22,0.478
2017-04-01-23,0.478
2017-05-01-00,0.298
2017-05-01-01,0.298
2017-05-01-02,0.298
2017-05-01-03,0.298
2017-05-01-04,0.298
2017-05-01-05,0.298
2017-05-01-06,0.298
2017-05-01-07,0.298
2017-05-01-08,0.298
2017-05-01-09,0.288
2017-05-01-10,0.288
2017-05-01-11,0.288
2017-05-01-12,0.278
2017-05-01-13,0.278
2017-05-01-14,0.278
2017-05-01-15,0.278
2017-05-01-16,0.278
2017-05-01-17,0.268
2017-05-01-18,0.278
2017-05-01-19,0.278
2017-05-01-20,0.268
2017-05-01-21,0.268
2017-05-01-22,0.268
2017-05-01-23,0.258
2017-06-01-00,0.098
2017-06-01-01,0.098
2017-06-01-02,0.098
2017-06-01-03,0.088
2017-06-01-04,0.098
2017-06-01-05,0.098
2017-06-01-06,0.098
2017-06-01-07,0.098
2017-06-01-08,0.098
2017-06-01-09,0.098
2017-06-01-10,0.098
2017-06-01-11,0.098
2017-06-01-12,0.088
2017-06-01-13,0.088
2017-06-01-14,0.088
2017-06-01-15,0.088
2017-06-01-16,0.088
2017-06-01-17,0.088
2017-06-01-18,0.088
2017-06-01-19,0.088
2017-06-01-20,0.088
2017-06-01-21,0.078
2017-06-01-22,0.088
2017-06-01-23,0.088
2017-07-01-00,0.7205
2017-07-01-01,0.723
2017-07-01-02,0.7205
2017-07-01-03,0.718
2017-07-01-04,0.7155
2017-07-01-05,0.718
2017-07-01-06,0.713
2017-07-01-07,0.7105
2017-07-01-08,0.7055
2017-07-01-09,0.7105
2017-07-01-10,0.703
2017-07-01-11,0.698
2017-07-01-12,0.698
2017-07-01-13,0.698
2017-07-01-14,0.698
2017-07-01-15,0.6905
2017-07-01-16,0.688
2017-07-01-17,0.688
2017-07-01-18,0.6855
2017-07-01-19,0.6805
2017-07-01-20,0.678
2017-07-01-21,0.678
2017-07-01-22,0.6755
2017-07-01-23,0.678
2017-08-01-00,1.0755
2017-08-01-01,1.078
2017-08-01-02,1.078
2017-08-01-03,1.078
2017-08-01-04,1.0805
2017-08-01-05,1.083
2017-08-01-06,1.0805
2017-08-01-07,1.0805
2017-08-01-08,1.078
2017-08-01-09,1.0805
2017-08-01-10,1.0755
2017-08-01-11,1.073
2017-08-01-12,1.068
2017-08-01-13,1.0655
2017-08-01-14,1.068
2017-08-01-15,1.1355
2017-08-01-16,1.2305
2017-08-01-17,1.278
2017-08-01-18,1.308
2017-08-01-19,1.3305
2017-08-01-20,1.343
2017-08-01-21,1.3605
2017-08-01-22,1.3705
2017-08-01-23,1.378
2017-09-01-00,1.3855
2017-09-01-01,1.3805
2017-09-01-02,1.378
2017-09-01-03,1.3755
2017-09-01-04,1.373
2017-09-01-05,1.368
2017-09-01-06,1.3655
2017-09-01-07,1.358
2017-09-01-08,1.3555
2017-09-01-09,1.3555
2017-09-01-10,1.3455
2017-09-01-11,1.343
2017-09-01-12,1.338
2017-09-01-13,1.3355
2017-09-01-14,1.328
2017-09-01-15,1.3255
2017-09-01-16,1.323
2017-09-01-17,1.318
2017-09-01-18,1.313
2017-09-01-19,1.308
2017-09-01-20,1.308
2017-09-01-21,1.3005
2017-09-01-22,1.368
2017-09-01-23,1.3905
2017-10-01-00,1.868
2017-10-01-01,1.8655
2017-10-01-02,1.858
2017-10-01-03,1.853
2017-10-01-04,1.8555
2017-10-01-05,1.873
2017-10-01-06,1.883
2017-10-01-07,1.878
2017-10-01-08,1.8755
2017-10-01-09,1.868
2017-10-01-10,1.858
2017-10-01-11,1.8555
2017-10-01-12,1.8505
2017-10-01-13,1.8455
2017-10-01-14,1.843
2017-10-01-15,1.8305
2017-10-01-16,1.8255
2017-10-01-17,1.8255
2017-10-01-18,1.8155
2017-10-01-19,1.813
2017-10-01-20,1.8055
2017-10-01-21,1.803
2017-10-01-22,1.7955
2017-10-01-23,1.7905
2017-11-01-00,1.588
2017-11-01-01,1.5855
2017-11-01-02,1.578
2017-11-01-03,1.5705
2017-11-01-04,1.5705
2017-11-01-05,1.5605
2017-11-01-06,1.5555
2017-11-01-07,1.548
2017-11-01-08,1.543
2017-11-01-09,1.5405
2017-11-01-10,1.558
2017-11-01-11,1.5555
2017-11-01-12,1.553
2017-11-01-13,1.548
2017-11-01-14,1.543
2017-11-01-15,1.538
2017-11-01-16,1.5305
2017-11-01-17,1.5305
2017-11-01-18,1.5205
2017-11-01-19,1.5155
2017-11-01-20,1.5105
2017-11-01-21,1.508
2017-11-01-22,1.5005
2017-11-01-23,1.498
2017-12-01-00,1.008
2017-12-01-01,1.008
2017-12-01-02,1.0055
2017-12-01-03,1.003
2017-12-01-04,1.0055
2017-12-01-05,0.998
2017-12-01-06,0.998
2017-12-01-07,0.9955
2017-12-01-08,0.9955
2017-12-01-09,0.9955
2017-12-01-10,0.9905
2017-12-01-11,0.988
2017-12-01-12,0.9855
2017-12-01-13,0.983
2017-12-01-14,0.978
2017-12-01-15,0.978
2017-12-01-16,0.978
2017-12-01-17,0.978
2017-12-01-18,0.978
2017-12-01-19,0.9755
2017-12-01-20,0.978
2017-12-01-21,0.9705
2017-12-01-22,0.9705
2017-12-01-23,0.9655
2018-01-01-00,0.218
2018-01-01-01,0.218
2018-01-01-02,0.2205
2018-01-01-03,0.218
2018-01-01-04,0.218
2018-01-01-05,0.218
2018-01-01-06,0.2155
2018-01-01-07,0.2155
2018-01-01-08,0.218
2018-01-01-09,0.2155
2018-01-01-10,0.2155
2018-01-01-11,0.213
2018-01-01-12,0.218
2018-01-01-13,0.213
2018-01-01-14,0.2155
2018-01-01-15,0.2155
2018-01-01-16,0.208
2018-01-01-17,0.208
2018-01-01-18,0.208
2018-01-01-19,0.208
2018-01-01-20,0.208
2018-01-01-21,0.208
2018-01-01-22,0.208
2018-01-01-23,0.208
2018-02-01-00,0.188
2018-02-01-01,0.188
2018-02-01-02,0.188
2018-02-01-03,0.188
2018-02-01-04,0.1855
2018-02-01-05,0.188
2018-02-01-06,0.1855
2018-02-01-07,0.1805
2018-02-01-08,0.183
2018-02-01-09,0.1805
2018-02-01-10,0.1805
2018-02-01-11,0.1805
2018-02-01-12,0.183
2018-02-01-13,0.1805
2018-02-01-14,0.1805
2018-02-01-15,0.178
2018-02-01-16,0.178
2018-02-01-17,0.178
2018-02-01-18,0.178
2018-02-01-19,0.1755
2018-02-01-20,0.178
2018-02-01-21,0.178
2018-02-01-22,0.178
2018-02-01-23,0.178
2018-03-01-00,0.043
2018-03-01-01,0.0405
2018-03-01-02,0.0455
2018-03-01-03,0.048
2018-03-01-04,0.038
2018-03-01-05,0.038
2018-03-01-06,0.038
2018-03-01-07,0.0405
2018-03-01-08,0.0405
2018-03-01-09,0.038
2018-03-01-10,0.038
2018-03-01-11,0.043
2018-03-01-12,0.0455
2018-03-01-13,0.043
2018-03-01-14,0.0405
2018-03-01-15,0.0405
2018-03-01-16,0.038
2018-03-01-17,0.038
2018-03-01-18,0.038
2018-03-01-19,0.0355
2018-03-01-20,0.038
2018-03-01-21,0.038
2018-03-01-22,0.043
2018-03-01-23,0.043
2018-04-01-00,0.042400198
2018-04-01-01,0.041800397
2018-04-01-02,0.041200595
2018-04-01-03,0.040600793
2018-04-01-04,0.040000991
2018-04-01-05,0.03940119
2018-04-01-06,0.038801388
2018-04-01-07,0.038201586
2018-04-01-08,0.037601785
2018-04-01-09,0.037001983
2018-04-01-10,0.036402181
2018-04-01-11,0.035802379
2018-04-01-12,0.035202578
2018-04-01-13,0.034602776
2018-04-01-14,0.034002974
2018-04-01-15,0.033403173
2018-04-01-16,0.032803371
2018-04-01-17,0.032203569
2018-04-01-18,0.031603767
2018-04-01-19,0.031003966
2018-04-01-20,0.030404164
2018-04-01-21,0.029804362
2018-04-01-22,0.029204561
2018-04-01-23,0.028604759
2018-05-01-00,0.028004957
2018-05-01-01,0.027405155
2018-05-01-02,0.026805354
2018-05-01-03,0.026205552
2018-05-01-04,0.02560575
2018-05-01-05,0.025005948
2018-05-01-06,0.024406147
2018-05-01-07,0.023806345
2018-05-01-08,0.023206543
2018-05-01-09,0.022606742
2018-05-01-10,0.02200694
2018-05-01-11,0.021407138
2018-05-01-12,0.020807336
2018-05-01-13,0.020207535
2018-05-01-14,0.019607733
2018-05-01-15,0.019007931
2018-05-01-16,0.01840813
2018-05-01-17,0.017808328
2018-05-01-18,0.017208526
2018-05-01-19,0.016608724
2018-05-01-20,0.016008923
2018-05-01-21,0.015409121
2018-05-01-22,0.014809319
2018-05-01-23,0.014209518
2018-06-01-00,0.013609716
2018-06-01-01,0.013009914
2018-06-01-02,0.012410112
2018-06-01-03,0.011810311
2018-06-01-04,0.011210509
2018-06-01-05,0.010610707
2018-06-01-06,0.010010906
2018-06-01-07,0.009411104
2018-06-01-08,0.008811302
2018-06-01-09,0.0082115
2018-06-01-10,0.007611699
2018-06-01-11,0.007011897
2018-06-01-12,0.006412095
2018-06-01-13,0.005812294
2018-06-01-14,0.005212492
2018-06-01-15,0.00461269
2018-06-01-16,0.004012888
2018-06-01-17,0.003413087
2018-06-01-18,0.002813285
2018-06-01-19,0.002213483
2018-06-01-20,0.001613682
2018-06-01-21,0.00101388
2018-06-01-22,0.000414078
2018-06-01-23,-0.000185724
